Station Names,Year,Max Temp,Min Temp,Relative Humidity,Wind Speed,Cloud Coverage,Bright Sunshine
Khulna,1990,26.6,8.5,74,1,7,35
Khulna,1990,26.7,8.5,74.01,1.3,7.01,34.96
Khulna,1990,27.3,8.5,74.02,1.4,7.02,34.92
Khulna,1990,27.3,8.5,74.03,0.49,7.03,34.88
Khulna,1990,27.7,8.5,74.04,0.49,7.04,34.84
Khulna,1990,27.7,8.5,74.05,1.2,7.05,34.8
Khulna,1990,25.5,8.5,74.06,0.6,7.06,34.76
Khulna,1990,25.8,8.5,74.07,0.4,7.07,34.72
Khulna,1990,27.3,8.5,74.08,0.3,7.08,34.68
Khulna,1990,27.7,8.5,74.09,0,7.09,34.64
Khulna,1990,25.6,8.5,74.1,0.6,7.1,34.6
Khulna,1990,27.5,8.5,74.11,1.1,7.11,34.56
Khulna,1990,27,8.5,74.12,1.1,7.12,34.52
Khulna,1990,27.5,8.5,74.13,0.2,7.13,34.48
Khulna,1990,26,8.5,74.14,0.57,7.14,34.44
Khulna,1990,27.5,8.5,74.15,1.7,7.15,34.4
Khulna,1990,26.2,8.5,74.16,1.4,7.16,34.36
Khulna,1990,27.2,8.5,74.17,2.3,7.17,34.32
Khulna,1990,25.5,8.5,74.18,1.2,7.18,34.28
Khulna,1990,26.6,8.5,74.19,1.7,7.19,34.24
Khulna,1990,27.2,8.5,74.2,1.7,7.2,34.2
Khulna,1990,27.2,8.5,74.21,0.7,7.21,34.16
Khulna,1990,26.6,8.5,74.22,0.57,7.22,34.12
Khulna,1990,27.4,8.5,74.23,0,7.23,34.08
Khulna,1990,27.5,8.5,74.24,1.7,7.24,34.04
Khulna,1990,26.9,8.5,74.25,0.4,7.25,34
Khulna,1990,27.7,8.5,74.26,2.1,7.26,33.96
Khulna,1990,26.8,8.5,74.27,1.5,7.27,33.92
Khulna,1990,26.9,8.5,74.28,1.6,7.28,33.88
Khulna,1990,27.2,8.5,74.29,2.1,7.29,33.84
Khulna,1990,26.7,8.5,74.3,0.7,7.3,33.8
Khulna,1990,26.8,8.5,74.31,0.8,7.31,33.76
Khulna,1990,27.7,8.5,74.32,0.8,7.32,33.72
Khulna,1990,27.7,8.5,74.33,1.2,7.33,33.68
Khulna,1990,27,8.5,74.34,1.3,7.34,33.64
Khulna,1990,27.2,8.5,74.35,0.1,7.35,33.6
Khulna,1990,27.2,8.5,74.36,0.3,7.36,33.56
Khulna,1990,26.9,8.5,74.37,0.4,7.37,33.52
Khulna,1990,26.8,8.5,74.38,0.49,7.38,33.48
Khulna,1990,26.9,8.5,74.39,1.7,7.39,33.44
Khulna,1990,26.7,8.5,74.4,1.8,7.4,33.4
Khulna,1990,27,8.5,74.41,0.6,7.41,33.36
Khulna,1990,27.6,8.5,74.42,1.9,7.42,33.32
Khulna,1990,27.6,8.5,74.43,1.3,7.43,33.28
Khulna,1990,27.7,8.5,74.44,2,7.44,33.24
Khulna,1990,27.6,8.5,74.45,1.4,7.45,33.2
Khulna,1990,26.7,8.5,74.46,1.4,7.46,33.16
Khulna,1990,27.6,8.5,74.47,0.9,7.47,33.12
Khulna,1990,26.5,8.5,74.48,1.8,7.48,33.08
Khulna,1990,27,8.5,74.49,1,7.49,33.04
Kutubdia,1991,27.9,13.3,63.7,1,3.5,49
Kutubdia,1991,27.8,13.3,63.71,0.2,3.51,48.96
Kutubdia,1991,28.3,13.3,63.72,0.5,3.52,48.92
Kutubdia,1991,28,13.3,63.73,1.7,3.53,48.88
Kutubdia,1991,28.5,13.3,63.74,1,3.54,48.84
Kutubdia,1991,28.2,13.3,63.75,0.8,3.55,48.8
Kutubdia,1991,28,13.3,63.76,0.3,3.56,48.76
Kutubdia,1991,28.5,13.3,63.77,0.8,3.57,48.72
Kutubdia,1991,27.8,13.3,63.78,0.5,3.58,48.68
Kutubdia,1991,28.1,13.3,63.79,0.3,3.59,48.64
Kutubdia,1991,28,13.3,63.8,0.5,3.6,48.6
Kutubdia,1991,28,13.3,63.81,0.2,3.61,48.56
Kutubdia,1991,27.8,13.3,63.82,0.8,3.62,48.52
Kutubdia,1991,28.2,13.3,63.83,0.6,3.63,48.48
Kutubdia,1991,28.5,13.3,63.84,0.5,3.64,48.44
Kutubdia,1991,27.8,13.3,63.85,0.8,3.65,48.4
Kutubdia,1991,28.5,13.3,63.86,1.7,3.66,48.36
Kutubdia,1991,28.5,13.3,63.87,0.2,3.67,48.32
Kutubdia,1991,28,13.3,63.88,0.4,3.68,48.28
Kutubdia,1991,28.2,13.3,63.89,0.2,3.69,48.24
Kutubdia,1991,27.8,13.3,63.9,0.4,3.7,48.2
Kutubdia,1991,27.8,13.3,63.91,0.4,3.71,48.16
Kutubdia,1991,28,13.3,63.92,0.4,3.72,48.12
Kutubdia,1991,28.34,13.3,63.93,0.2,3.73,48.08
Kutubdia,1991,28.34,13.3,63.94,1,3.74,48.04
Kutubdia,1991,28,13.3,63.95,0.9,3.75,48
Kutubdia,1991,27.9,13.3,63.96,1.8,3.76,47.96
Kutubdia,1991,28.3,13.3,63.97,0.6,3.77,47.92
Kutubdia,1991,28,13.3,63.98,1,3.78,47.88
Kutubdia,1991,28.2,13.3,63.99,0.6,3.79,47.84
Kutubdia,1991,28.3,13.3,64,0.2,3.8,47.8
Kutubdia,1991,28.4,13.3,64.01,0.5,3.81,47.76
Kutubdia,1991,28.2,13.3,64.02,0.6,3.82,47.72
Kutubdia,1991,27.9,13.3,64.03,0.2,3.83,47.68
Kutubdia,1991,28.5,13.3,64.04,0.1,3.84,47.64
Kutubdia,1991,27.8,13.3,64.05,0.4,3.85,47.6
Kutubdia,1991,28,13.3,64.06,0.1,3.86,47.56
Kutubdia,1991,27.8,13.3,64.07,1.1,3.87,47.52
Kutubdia,1991,28.3,13.3,64.08,0.1,3.88,47.48
Kutubdia,1991,28.1,13.3,64.09,1.4,3.89,47.44
Kutubdia,1991,28.5,13.3,64.1,0.9,3.9,47.4
Kutubdia,1991,28.5,13.3,64.11,0.1,3.91,47.36
Kutubdia,1991,28.14,13.3,64.12,0.8,3.92,47.32
Kutubdia,1991,28.2,13.3,64.13,0.4,3.93,47.28
Kutubdia,1991,28.4,13.3,64.14,1.7,3.94,47.24
Kutubdia,1991,27.9,13.3,64.15,0.3,3.95,47.2
Kutubdia,1991,27.9,13.3,64.16,0.7,3.96,47.16
Kutubdia,1991,28.5,13.3,64.17,0.4,3.97,47.12
Kutubdia,1991,28.5,13.3,64.18,0.7,3.98,47.08
Kutubdia,1991,28,13.3,64.19,0.9,3.99,47.04
Madaripur,1992,28.8,8.8,71,2.4,6.5,37
Madaripur,1992,28.7,8.8,71.01,0.3,6.51,36.96
Madaripur,1992,29.4,8.8,71.02,1.7,6.52,36.92
Madaripur,1992,29.2,8.8,71.03,0.6,6.53,36.88
Madaripur,1992,28.8,8.8,71.04,0.9,6.54,36.84
Madaripur,1992,29.3,8.8,71.05,0.8,6.55,36.8
Madaripur,1992,28.8,8.8,71.06,2.2,6.56,36.76
Madaripur,1992,29,8.8,71.07,0.1,6.57,36.72
Madaripur,1992,29.4,8.8,71.08,0.5,6.58,36.68
Madaripur,1992,28.9,8.8,71.09,1.1,6.59,36.64
Madaripur,1992,29,8.8,71.1,0.3,6.6,36.6
Madaripur,1992,29.2,8.8,71.11,0.1,6.61,36.56
Madaripur,1992,29,8.8,71.12,1.4,6.62,36.52
Madaripur,1992,28.7,8.8,71.13,0.1,6.63,36.48
Madaripur,1992,28.8,8.8,71.14,1.1,6.64,36.44
Madaripur,1992,28.9,8.8,71.15,1.2,6.65,36.4
Madaripur,1992,29.4,8.8,71.16,1.4,6.66,36.36
Madaripur,1992,29,8.8,71.17,0.8,6.67,36.32
Madaripur,1992,29.2,8.8,71.18,0.3,6.68,36.28
Madaripur,1992,28.8,8.8,71.19,0.3,6.69,36.24
Madaripur,1992,28.8,8.8,71.2,0.4,6.7,36.2
Madaripur,1992,29.3,8.8,71.21,1.3,6.71,36.16
Madaripur,1992,28.9,8.8,71.22,1,6.72,36.12
Madaripur,1992,29.4,8.8,71.23,0.8,6.73,36.08
Madaripur,1992,28.6,8.8,71.24,2.3,6.74,36.04
Madaripur,1992,29,8.8,71.25,1.6,6.75,36
Madaripur,1992,29.2,8.8,71.26,0.1,6.76,35.96
Madaripur,1992,28.6,8.8,71.27,0,6.77,35.92
Madaripur,1992,29.2,8.8,71.28,0.5,6.78,35.88
Madaripur,1992,29.3,8.8,71.29,1.7,6.79,35.84
Madaripur,1992,29,8.8,71.3,0.1,6.8,35.8
Madaripur,1992,28.8,8.8,71.31,0.5,6.81,35.76
Madaripur,1992,29,8.8,71.32,0.3,6.82,35.72
Madaripur,1992,29.2,8.8,71.33,1.7,6.83,35.68
Madaripur,1992,29.2,8.8,71.34,0.6,6.84,35.64
Madaripur,1992,28.8,8.8,71.35,0.76,6.85,35.6
Madaripur,1992,29.2,8.8,71.36,0.1,6.86,35.56
Madaripur,1992,29.4,8.8,71.37,0.6,6.87,35.52
Madaripur,1992,29,8.8,71.38,0.4,6.88,35.48
Madaripur,1992,29,8.8,71.39,1,6.89,35.44
Madaripur,1992,29.4,8.8,71.4,0.6,6.9,35.4
Madaripur,1992,29.2,8.8,71.41,0,6.91,35.36
Madaripur,1992,28.8,8.8,71.42,1.2,6.92,35.32
Madaripur,1992,29,8.8,71.43,0.4,6.93,35.28
Madaripur,1992,29,8.8,71.44,0.2,6.94,35.24
Madaripur,1992,29.1,8.8,71.45,0.2,6.95,35.2
Madaripur,1992,29.2,8.8,71.46,0.5,6.96,35.16
Madaripur,1992,29,8.8,71.47,0.1,6.97,35.12
Madaripur,1992,29.2,8.8,71.48,0.5,6.98,35.08
Madaripur,1992,28.6,8.8,71.49,0.2,6.99,35.04
Maijdee Court,1993,29.7,10.2,67.5,0.8,5.5,41
Maijdee Court,1993,29.9,10.2,67.51,2.7,5.51,40.96
Maijdee Court,1993,29.5,10.2,67.52,0.1,5.52,40.92
Maijdee Court,1993,29.7,10.2,67.53,0.8,5.53,40.88
Maijdee Court,1993,30,10.2,67.54,0.3,5.54,40.84
Maijdee Court,1993,29.9,10.2,67.55,0.9,5.55,40.8
Maijdee Court,1993,30,10.2,67.56,3.3,5.56,40.76
Maijdee Court,1993,29.9,10.2,67.57,1,5.57,40.72
Maijdee Court,1993,30,10.2,67.58,1.75,5.58,40.68
Maijdee Court,1993,29.7,10.2,67.59,0.6,5.59,40.64
Maijdee Court,1993,30,10.2,67.6,0.5,5.6,40.6
Maijdee Court,1993,29.5,10.2,67.61,0,5.61,40.56
Maijdee Court,1993,29.6,10.2,67.62,0.9,5.62,40.52
Maijdee Court,1993,29.7,10.2,67.63,0.4,5.63,40.48
Maijdee Court,1993,30,10.2,67.64,0.8,5.64,40.44
Maijdee Court,1993,30,10.2,67.65,0.4,5.65,40.4
Maijdee Court,1993,29.6,10.2,67.66,1.2,5.66,40.36
Maijdee Court,1993,30,10.2,67.67,0.7,5.67,40.32
Maijdee Court,1993,29.5,10.2,67.68,3.9,5.68,40.28
Maijdee Court,1993,29.5,10.2,67.69,0.6,5.69,40.24
Maijdee Court,1993,30,10.2,67.7,0.3,5.7,40.2
Maijdee Court,1993,29.8,10.2,67.71,0.7,5.71,40.16
Maijdee Court,1993,29.8,10.2,67.72,1,5.72,40.12
Maijdee Court,1993,29.9,10.2,67.73,1,5.73,40.08
Maijdee Court,1993,29.6,10.2,67.74,1.75,5.74,40.04
Maijdee Court,1993,29.8,10.2,67.75,0.8,5.75,40
Maijdee Court,1993,30,10.2,67.76,0.6,5.76,39.96
Maijdee Court,1993,29.8,10.2,67.77,0.7,5.77,39.92
Maijdee Court,1993,30,10.2,67.78,0.6,5.78,39.88
Maijdee Court,1993,29.6,10.2,67.79,0.8,5.79,39.84
Maijdee Court,1993,30,10.2,67.8,1,5.8,39.8
Maijdee Court,1993,29.8,10.2,67.81,0.5,5.81,39.76
Maijdee Court,1993,30,10.2,67.82,0.1,5.82,39.72
Maijdee Court,1993,29.5,10.2,67.83,0.2,5.83,39.68
Maijdee Court,1993,29.5,10.2,67.84,1.3,5.84,39.64
Maijdee Court,1993,29.5,10.2,67.85,1.12,5.85,39.6
Maijdee Court,1993,29.5,10.2,67.86,0.4,5.86,39.56
Maijdee Court,1993,30,10.2,67.87,1.3,5.87,39.52
Maijdee Court,1993,29.5,10.2,67.88,0.6,5.88,39.48
Maijdee Court,1993,29.8,10.2,67.89,0.6,5.89,39.44
Maijdee Court,1993,29.5,10.2,67.9,0.1,5.9,39.4
Maijdee Court,1993,30,10.2,67.91,0.5,5.91,39.36
Maijdee Court,1993,29.6,10.2,67.92,1.1,5.92,39.32
Maijdee Court,1993,30,10.2,67.93,0.5,5.93,39.28
Maijdee Court,1993,29.8,10.2,67.94,3.5,5.94,39.24
Maijdee Court,1993,29.9,10.2,67.95,1.1,5.95,39.2
Maijdee Court,1993,29.8,10.2,67.96,3.6,5.96,39.16
Maijdee Court,1993,29.8,10.2,67.97,0.2,5.97,39.12
Maijdee Court,1993,29.6,10.2,67.98,0.9,5.98,39.08
Maijdee Court,1993,30,10.2,67.99,0.5,5.99,39.04
Mongla,1994,30.6,10.9,67,1.7,5,43
Mongla,1994,30.6,10.9,67.01,1.4,5.01,42.96
Mongla,1994,30.3,10.9,67.02,0.6,5.02,42.92
Mongla,1994,30.2,10.9,67.03,0.7,5.03,42.88
Mongla,1994,30.1,10.9,67.04,0.6,5.04,42.84
Mongla,1994,30.1,10.9,67.05,1.27,5.05,42.8
Mongla,1994,30.4,10.9,67.06,0.7,5.06,42.76
Mongla,1994,30.4,10.9,67.07,2.9,5.07,42.72
Mongla,1994,30.5,10.9,67.08,1,5.08,42.68
Mongla,1994,30.8,10.9,67.09,0.7,5.09,42.64
Mongla,1994,30.6,10.9,67.1,1.1,5.1,42.6
Mongla,1994,30.2,10.9,67.11,0.7,5.11,42.56
Mongla,1994,30.3,10.9,67.12,0.2,5.12,42.52
Mongla,1994,30.6,10.9,67.13,0.81,5.13,42.48
Mongla,1994,30.2,10.9,67.14,0.5,5.14,42.44
Mongla,1994,30.7,10.9,67.15,0.81,5.15,42.4
Mongla,1994,30.5,10.9,67.16,0.9,5.16,42.36
Mongla,1994,30.8,10.9,67.17,0.4,5.17,42.32
Mongla,1994,30.1,10.9,67.18,0.7,5.18,42.28
Mongla,1994,30.7,10.9,67.19,0.7,5.19,42.24
Mongla,1994,30.2,10.9,67.2,0.81,5.2,42.2
Mongla,1994,30.2,10.9,67.21,0.81,5.21,42.16
Mongla,1994,30.3,10.9,67.22,0.46,5.22,42.12
Mongla,1994,30.2,10.9,67.23,0.5,5.23,42.08
Mongla,1994,30.5,10.9,67.24,1.6,5.24,42.04
Mongla,1994,30.6,10.9,67.25,1.1,5.25,42
Mongla,1994,30.2,10.9,67.26,0.7,5.26,41.96
Mongla,1994,30.6,10.9,67.27,1.1,5.27,41.92
Mongla,1994,30.1,10.9,67.28,1.2,5.28,41.88
Mongla,1994,30.2,10.9,67.29,2.5,5.29,41.84
Mongla,1994,30.6,10.9,67.3,1,5.3,41.8
Mongla,1994,30.6,10.9,67.31,1.1,5.31,41.76
Mongla,1994,30.7,10.9,67.32,1.3,5.32,41.72
Mongla,1994,30.5,10.9,67.33,1.1,5.33,41.68
Mongla,1994,30.6,10.9,67.34,0.6,5.34,41.64
Mongla,1994,30.6,10.9,67.35,1.27,5.35,41.6
Mongla,1994,30.3,10.9,67.36,0.1,5.36,41.56
Mongla,1994,30.6,10.9,67.37,0.81,5.37,41.52
Mongla,1994,30.77,10.9,67.38,0.6,5.38,41.48
Mongla,1994,30.77,10.9,67.39,0.6,5.39,41.44
Mongla,1994,30.77,10.9,67.4,0.2,5.4,41.4
Mongla,1994,30.1,10.9,67.41,0.8,5.41,41.36
Mongla,1994,30.6,10.9,67.42,0.9,5.42,41.32
Mongla,1994,30.5,10.9,67.43,3.7,5.43,41.28
Mongla,1994,30.1,10.9,67.44,0.81,5.44,41.24
Mongla,1994,30.2,10.9,67.45,1.3,5.45,41.2
Mongla,1994,30.5,10.9,67.46,2.5,5.46,41.16
Mongla,1994,30.7,10.9,67.47,0.7,5.47,41.12
Mongla,1994,30.6,10.9,67.48,0.7,5.48,41.08
Mongla,1994,30.8,10.9,67.49,3.4,5.49,41.04
Mymensingh,1995,31,7.9,76,1.1,8,31
Mymensingh,1995,31.5,7.9,76.01,1.6,8.01,30.96
Mymensingh,1995,31.2,7.9,76.02,0.8,8.02,30.92
Mymensingh,1995,31.4,7.9,76.03,1.6,8.03,30.88
Mymensingh,1995,31,7.9,76.04,1.3,8.04,30.84
Mymensingh,1995,31.5,7.9,76.05,0.8,8.05,30.8
Mymensingh,1995,31,7.9,76.06,0.59,8.06,30.76
Mymensingh,1995,31.5,7.9,76.07,0.7,8.07,30.72
Mymensingh,1995,31.3,7.9,76.08,0.7,8.08,30.68
Mymensingh,1995,31,7.9,76.09,0.7,8.09,30.64
Mymensingh,1995,31,7.9,76.1,0.2,8.1,30.6
Mymensingh,1995,31.3,7.9,76.11,1,8.11,30.56
Mymensingh,1995,31,7.9,76.12,1.17,8.12,30.52
Mymensingh,1995,31.1,7.9,76.13,0.7,8.13,30.48
Mymensingh,1995,31.5,7.9,76.14,0.8,8.14,30.44
Mymensingh,1995,31.4,7.9,76.15,1.4,8.15,30.4
Mymensingh,1995,31,7.9,76.16,1.1,8.16,30.36
Mymensingh,1995,31,7.9,76.17,0.6,8.17,30.32
Mymensingh,1995,31,7.9,76.18,0.1,8.18,30.28
Mymensingh,1995,31.1,7.9,76.19,0.9,8.19,30.24
Mymensingh,1995,31.4,7.9,76.2,1.17,8.2,30.2
Mymensingh,1995,31,7.9,76.21,0.3,8.21,30.16
Mymensingh,1995,31.5,7.9,76.22,1,8.22,30.12
Mymensingh,1995,31.1,7.9,76.23,0.9,8.23,30.08
Mymensingh,1995,31.2,7.9,76.24,1.72,8.24,30.04
Mymensingh,1995,31.5,7.9,76.25,0.59,8.25,30
Mymensingh,1995,31.4,7.9,76.26,0.8,8.26,29.96
Mymensingh,1995,31,7.9,76.27,0.5,8.27,29.92
Mymensingh,1995,31.1,7.9,76.28,0.9,8.28,29.88
Mymensingh,1995,31.5,7.9,76.29,1.7,8.29,29.84
Mymensingh,1995,31.2,7.9,76.3,3,8.3,29.8
Mymensingh,1995,31,7.9,76.31,1.9,8.31,29.76
Mymensingh,1995,31,7.9,76.32,1.6,8.32,29.72
Mymensingh,1995,31,7.9,76.33,0,8.33,29.68
Mymensingh,1995,31.1,7.9,76.34,1.3,8.34,29.64
Mymensingh,1995,31.3,7.9,76.35,2.4,8.35,29.6
Mymensingh,1995,31.1,7.9,76.36,1,8.36,29.56
Mymensingh,1995,31.1,7.9,76.37,0.7,8.37,29.52
Mymensingh,1995,31.5,7.9,76.38,0.6,8.38,29.48
Mymensingh,1995,31.2,7.9,76.39,1.3,8.39,29.44
Mymensingh,1995,31,7.9,76.4,0.4,8.4,29.4
Mymensingh,1995,31,7.9,76.41,0.6,8.41,29.36
Mymensingh,1995,31,7.9,76.42,0.6,8.42,29.32
Mymensingh,1995,31.2,7.9,76.43,2.3,8.43,29.28
Mymensingh,1995,31.2,7.9,76.44,1.72,8.44,29.24
Mymensingh,1995,31.5,7.9,76.45,1,8.45,29.2
Mymensingh,1995,31,7.9,76.46,0.79,8.46,29.16
Mymensingh,1995,31.3,7.9,76.47,0.8,8.47,29.12
Mymensingh,1995,31.5,7.9,76.48,0.4,8.48,29.08
Mymensingh,1995,31.5,7.9,76.49,0.59,8.49,29.04
Patuakhali,1996,31.7,8.2,75,0.44,7.5,33
Patuakhali,1996,31.7,8.2,75.01,0.4,7.51,32.96
Patuakhali,1996,32,8.2,75.02,1.4,7.52,32.92
Patuakhali,1996,32,8.2,75.03,2.7,7.53,32.88
Patuakhali,1996,32,8.2,75.04,0.44,7.54,32.84
Patuakhali,1996,31.7,8.2,75.05,0.6,7.55,32.8
Patuakhali,1996,31.6,8.2,75.06,1.6,7.56,32.76
Patuakhali,1996,32,8.2,75.07,0.3,7.57,32.72
Patuakhali,1996,31.7,8.2,75.08,0.4,7.58,32.68
Patuakhali,1996,31.6,8.2,75.09,0.9,7.59,32.64
Patuakhali,1996,31.6,8.2,75.1,0,7.6,32.6
Patuakhali,1996,31.8,8.2,75.11,2.2,7.61,32.56
Patuakhali,1996,32,8.2,75.12,2.8,7.62,32.52
Patuakhali,1996,32,8.2,75.13,1,7.63,32.48
Patuakhali,1996,32,8.2,75.14,0.3,7.64,32.44
Patuakhali,1996,32,8.2,75.15,0.44,7.65,32.4
Patuakhali,1996,31.6,8.2,75.16,0.7,7.66,32.36
Patuakhali,1996,31.6,8.2,75.17,0.3,7.67,32.32
Patuakhali,1996,31.8,8.2,75.18,0.6,7.68,32.28
Patuakhali,1996,31.6,8.2,75.19,0.5,7.69,32.24
Patuakhali,1996,31.6,8.2,75.2,0.9,7.7,32.2
Patuakhali,1996,32,8.2,75.21,0.44,7.71,32.16
Patuakhali,1996,32,8.2,75.22,2,7.72,32.12
Patuakhali,1996,31.6,8.2,75.23,2.1,7.73,32.08
Patuakhali,1996,31.8,8.2,75.24,0.7,7.74,32.04
Patuakhali,1996,32,8.2,75.25,0.48,7.75,32
Patuakhali,1996,31.7,8.2,75.26,0.7,7.76,31.96
Patuakhali,1996,32,8.2,75.27,0.44,7.77,31.92
Patuakhali,1996,31.8,8.2,75.28,1.9,7.78,31.88
Patuakhali,1996,31.8,8.2,75.29,4,7.79,31.84
Patuakhali,1996,31.8,8.2,75.3,0.5,7.8,31.8
Patuakhali,1996,32,8.2,75.31,0.48,7.81,31.76
Patuakhali,1996,31.6,8.2,75.32,2.4,7.82,31.72
Patuakhali,1996,31.6,8.2,75.33,0.9,7.83,31.68
Patuakhali,1996,31.8,8.2,75.34,0.6,7.84,31.64
Patuakhali,1996,31.6,8.2,75.35,3.7,7.85,31.6
Patuakhali,1996,31.8,8.2,75.36,0.5,7.86,31.56
Patuakhali,1996,31.8,8.2,75.37,0.5,7.87,31.52
Patuakhali,1996,31.8,8.2,75.38,0.3,7.88,31.48
Patuakhali,1996,31.6,8.2,75.39,0.7,7.89,31.44
Patuakhali,1996,31.9,8.2,75.4,2.2,7.9,31.4
Patuakhali,1996,32,8.2,75.41,0.6,7.91,31.36
Patuakhali,1996,32,8.2,75.42,0.5,7.92,31.32
Patuakhali,1996,31.6,8.2,75.43,0.7,7.93,31.28
Patuakhali,1996,31.6,8.2,75.44,0.5,7.94,31.24
Patuakhali,1996,31.6,8.2,75.45,1.2,7.95,31.2
Patuakhali,1996,31.6,8.2,75.46,0.6,7.96,31.16
Patuakhali,1996,32,8.2,75.47,0.1,7.97,31.12
Patuakhali,1996,32,8.2,75.48,0.3,7.98,31.08
Patuakhali,1996,31.6,8.2,75.49,1.5,7.99,31.04
Rajshahi,1998,32.2,6,83,1,9.5,25
Rajshahi,1998,32.5,6,83.01,1.9,9.51,24.96
Rajshahi,1998,32.2,6,83.02,1.5,9.52,24.92
Rajshahi,1998,32.2,6,83.03,1,9.53,24.88
Rajshahi,1998,32.3,6,83.04,2.3,9.54,24.84
Rajshahi,1998,32.2,6,83.05,0.4,9.55,24.8
Rajshahi,1998,32.5,6,83.06,0.5,9.56,24.76
Rajshahi,1998,32.6,6,83.07,1,9.57,24.72
Rajshahi,1998,32.2,6,83.08,2.6,9.58,24.68
Rajshahi,1998,32.2,6,83.09,0.5,9.59,24.64
Rajshahi,1998,32.2,6,83.1,1.5,9.6,24.6
Rajshahi,1998,32.5,6,83.11,0.2,9.61,24.56
Rajshahi,1998,32.3,6,83.12,0.8,9.62,24.52
Rajshahi,1998,32.3,6,83.13,0.5,9.63,24.48
Rajshahi,1998,32.5,6,83.14,1.9,9.64,24.44
Rajshahi,1998,32.2,6,83.15,0.4,9.65,24.4
Rajshahi,1998,32.2,6,83.16,1.9,9.66,24.36
Rajshahi,1998,32.2,6,83.17,0.3,9.67,24.32
Rajshahi,1998,32.5,6,83.18,0.6,9.68,24.28
Rajshahi,1998,32.1,6,83.19,0.4,9.69,24.24
Rajshahi,1998,32.3,6,83.2,1.4,9.7,24.2
Rajshahi,1998,32.3,6,83.21,0.8,9.71,24.16
Rajshahi,1998,32.6,6,83.22,1.9,9.72,24.12
Rajshahi,1998,32.1,6,83.23,0.3,9.73,24.08
Rajshahi,1998,32.5,6,83.24,2.8,9.74,24.04
Rajshahi,1998,32.5,6,83.25,0.4,9.75,24
Rajshahi,1998,32.6,6,83.26,0.9,9.76,23.96
Rajshahi,1998,32.4,6,83.27,1,9.77,23.92
Rajshahi,1998,32.2,6,83.28,1,9.78,23.88
Rajshahi,1998,32.2,6,83.29,0.4,9.79,23.84
Rajshahi,1998,32.5,6,83.3,0.3,9.8,23.8
Rajshahi,1998,32.1,6,83.31,1.7,9.81,23.76
Rajshahi,1998,32.2,6,83.32,0.2,9.82,23.72
Rajshahi,1998,32.1,6,83.33,1.7,9.83,23.68
Rajshahi,1998,32.3,6,83.34,2.8,9.84,23.64
Rajshahi,1998,32.4,6,83.35,1.2,9.85,23.6
Rajshahi,1998,32.6,6,83.36,0.6,9.86,23.56
Rajshahi,1998,32.1,6,83.37,0.7,9.87,23.52
Rajshahi,1998,32.5,6,83.38,1.3,9.88,23.48
Rajshahi,1998,32.5,6,83.39,0.5,9.89,23.44
Rajshahi,1998,32.1,6,83.4,0.8,9.9,23.4
Rajshahi,1998,32.4,6,83.41,0.7,9.91,23.36
Rajshahi,1998,32.5,6,83.42,1.5,9.92,23.32
Rajshahi,1998,32.6,6,83.43,1.5,9.93,23.28
Rajshahi,1998,32.6,6,83.44,0.5,9.94,23.24
Rajshahi,1998,32.3,6,83.45,0.6,9.95,23.2
Rajshahi,1998,32.4,6,83.46,0.5,9.96,23.16
Rajshahi,1998,32.1,6,83.47,0.3,9.97,23.12
Rajshahi,1998,32.1,6,83.48,0.5,9.98,23.08
Rajshahi,1998,32.6,6,83.49,0.6,9.99,23.04
Rangamati,2000,32.8,12.9,65,2.7,4.5,45
Rangamati,2000,33.2,12.9,65.01,2.4,4.51,44.96
Rangamati,2000,32.7,12.9,65.02,0.4,4.52,44.92
Rangamati,2000,32.8,12.9,65.03,0.4,4.53,44.88
Rangamati,2000,33,12.9,65.04,1.2,4.54,44.84
Rangamati,2000,32.8,12.9,65.05,1.3,4.55,44.8
Rangamati,2000,33,12.9,65.06,1.7,4.56,44.76
Rangamati,2000,32.7,12.9,65.07,2.7,4.57,44.72
Rangamati,2000,33.1,12.9,65.08,1.3,4.58,44.68
Rangamati,2000,33,12.9,65.09,1.6,4.59,44.64
Rangamati,2000,32.7,12.9,65.1,1.4,4.6,44.6
Rangamati,2000,32.8,12.9,65.11,1.9,4.61,44.56
Rangamati,2000,33,12.9,65.12,1.6,4.62,44.52
Rangamati,2000,33,12.9,65.13,0.6,4.63,44.48
Rangamati,2000,32.7,12.9,65.14,0.6,4.64,44.44
Rangamati,2000,32.8,12.9,65.15,1,4.65,44.4
Rangamati,2000,33.1,12.9,65.16,0.8,4.66,44.36
Rangamati,2000,32.7,12.9,65.17,1.7,4.67,44.32
Rangamati,2000,33.1,12.9,65.18,1,4.68,44.28
Rangamati,2000,33,12.9,65.19,2.1,4.69,44.24
Rangamati,2000,33,12.9,65.2,1.3,4.7,44.2
Rangamati,2000,33,12.9,65.21,0.4,4.71,44.16
Rangamati,2000,32.8,12.9,65.22,1.3,4.72,44.12
Rangamati,2000,33,12.9,65.23,0.6,4.73,44.08
Rangamati,2000,32.8,12.9,65.24,1.78,4.74,44.04
Rangamati,2000,32.7,12.9,65.25,0.9,4.75,44
Rangamati,2000,33,12.9,65.26,1.2,4.76,43.96
Rangamati,2000,33.2,12.9,65.27,0,4.77,43.92
Rangamati,2000,33,12.9,65.28,1.39,4.78,43.88
Rangamati,2000,33,12.9,65.29,0.6,4.79,43.84
Rangamati,2000,33,12.9,65.3,1,4.8,43.8
Rangamati,2000,32.8,12.9,65.31,1.4,4.81,43.76
Rangamati,2000,32.7,12.9,65.32,0.7,4.82,43.72
Rangamati,2000,32.7,12.9,65.33,1.3,4.83,43.68
Rangamati,2000,33,12.9,65.34,0.5,4.84,43.64
Rangamati,2000,33.1,12.9,65.35,1,4.85,43.6
Rangamati,2000,32.8,12.9,65.36,1.3,4.86,43.56
Rangamati,2000,32.8,12.9,65.37,0.7,4.87,43.52
Rangamati,2000,33.1,12.9,65.38,1.4,4.88,43.48
Rangamati,2000,32.7,12.9,65.39,0.5,4.89,43.44
Rangamati,2000,32.8,12.9,65.4,1.7,4.9,43.4
Rangamati,2000,33.2,12.9,65.41,1.5,4.91,43.36
Rangamati,2000,32.8,12.9,65.42,1.4,4.92,43.32
Rangamati,2000,32.8,12.9,65.43,1.1,4.93,43.28
Rangamati,2000,33,12.9,65.44,1.5,4.94,43.24
Rangamati,2000,33.1,12.9,65.45,2.4,4.95,43.2
Rangamati,2000,33.1,12.9,65.46,1.78,4.96,43.16
Rangamati,2000,32.8,12.9,65.47,1.4,4.97,43.12
Rangamati,2000,32.9,12.9,65.48,0.8,4.98,43.08
Rangamati,2000,32.8,12.9,65.49,1.39,4.99,43.04
Rangpur,2001,33.3,5.1,85,1.3,10.5,21
Rangpur,2001,33.4,5.1,85.01,0.4,10.51,20.96
Rangpur,2001,33.3,5.1,85.02,0.6,10.52,20.92
Rangpur,2001,33.3,5.1,85.03,1.4,10.53,20.88
Rangpur,2001,33.3,5.1,85.04,0.8,10.54,20.84
Rangpur,2001,33.3,5.1,85.05,1.9,10.55,20.8
Rangpur,2001,33.5,5.1,85.06,1.3,10.56,20.76
Rangpur,2001,33.5,5.1,85.07,0.8,10.57,20.72
Rangpur,2001,33.3,5.1,85.08,1,10.58,20.68
Rangpur,2001,33.3,5.1,85.09,0.8,10.59,20.64
Rangpur,2001,33.5,5.1,85.1,1.5,10.6,20.6
Rangpur,2001,33.5,5.1,85.11,1.3,10.61,20.56
Rangpur,2001,33.3,5.1,85.12,0.5,10.62,20.52
Rangpur,2001,33.5,5.1,85.13,0.3,10.63,20.48
Rangpur,2001,33.4,5.1,85.14,0.3,10.64,20.44
Rangpur,2001,33.4,5.1,85.15,0.6,10.65,20.4
Rangpur,2001,33.4,5.1,85.16,0.1,10.66,20.36
Rangpur,2001,33.6,5.1,85.17,1.4,10.67,20.32
Rangpur,2001,33.3,5.1,85.18,0.8,10.68,20.28
Rangpur,2001,33.3,5.1,85.19,2.2,10.69,20.24
Rangpur,2001,33.5,5.1,85.2,0.3,10.7,20.2
Rangpur,2001,33.3,5.1,85.21,2.1,10.71,20.16
Rangpur,2001,33.5,5.1,85.22,0.1,10.72,20.12
Rangpur,2001,33.3,5.1,85.23,2.6,10.73,20.08
Rangpur,2001,33.6,5.1,85.24,2,10.74,20.04
Rangpur,2001,33.3,5.1,85.25,0.4,10.75,20
Rangpur,2001,33.4,5.1,85.26,1.8,10.76,19.96
Rangpur,2001,33.3,5.1,85.27,0.6,10.77,19.92
Rangpur,2001,33.4,5.1,85.28,0.4,10.78,19.88
Rangpur,2001,33.4,5.1,85.29,0.2,10.79,19.84
Rangpur,2001,33.4,5.1,85.3,0.2,10.8,19.8
Rangpur,2001,33.6,5.1,85.31,0.7,10.81,19.76
Rangpur,2001,33.6,5.1,85.32,1.8,10.82,19.72
Rangpur,2001,33.5,5.1,85.33,0.78,10.83,19.68
Rangpur,2001,33.3,5.1,85.34,1,10.84,19.64
Rangpur,2001,33.6,5.1,85.35,0.5,10.85,19.6
Rangpur,2001,33.3,5.1,85.36,1.7,10.86,19.56
Rangpur,2001,33.6,5.1,85.37,2.4,10.87,19.52
Rangpur,2001,33.4,5.1,85.38,1.8,10.88,19.48
Rangpur,2001,33.3,5.1,85.39,0.7,10.89,19.44
Rangpur,2001,33.4,5.1,85.4,0.4,10.9,19.4
Rangpur,2001,33.5,5.1,85.41,0.2,10.91,19.36
Rangpur,2001,33.3,5.1,85.42,1.2,10.92,19.32
Rangpur,2001,33.3,5.1,85.43,1.8,10.93,19.28
Rangpur,2001,33.3,5.1,85.44,0.7,10.94,19.24
Rangpur,2001,33.6,5.1,85.45,1.35,10.95,19.2
Rangpur,2001,33.4,5.1,85.46,1.6,10.96,19.16
Rangpur,2001,33.4,5.1,85.47,0.5,10.97,19.12
Rangpur,2001,33.4,5.1,85.48,1.2,10.98,19.08
Rangpur,2001,33.3,5.1,85.49,1.06,10.99,19.04
Sandwip,2003,34,13.8,63.1,0.5,3,51
Sandwip,2003,34,13.8,63.11,0.6,3.01,50.96
Sandwip,2003,33.8,13.8,63.12,0.85,3.02,50.92
Sandwip,2003,34,13.8,63.13,2.2,3.03,50.88
Sandwip,2003,33.8,13.8,63.14,2.2,3.04,50.84
Sandwip,2003,33.9,13.8,63.15,0.7,3.05,50.8
Sandwip,2003,33.7,13.8,63.16,1.4,3.06,50.76
Sandwip,2003,33.8,13.8,63.17,0.71,3.07,50.72
Sandwip,2003,34,13.8,63.18,0.4,3.08,50.68
Sandwip,2003,33.8,13.8,63.19,2.1,3.09,50.64
Sandwip,2003,33.9,13.8,63.2,0.7,3.1,50.6
Sandwip,2003,34,13.8,63.21,0.7,3.11,50.56
Sandwip,2003,33.7,13.8,63.22,0.85,3.12,50.52
Sandwip,2003,34,13.8,63.23,1.7,3.13,50.48
Sandwip,2003,33.9,13.8,63.24,0.8,3.14,50.44
Sandwip,2003,33.9,13.8,63.25,0.7,3.15,50.4
Sandwip,2003,33.8,13.8,63.26,0.71,3.16,50.36
Sandwip,2003,34,13.8,63.27,0.7,3.17,50.32
Sandwip,2003,34,13.8,63.28,1.1,3.18,50.28
Sandwip,2003,33.9,13.8,63.29,0.8,3.19,50.24
Sandwip,2003,34,13.8,63.3,2,3.2,50.2
Sandwip,2003,34,13.8,63.31,0.5,3.21,50.16
Sandwip,2003,34,13.8,63.32,0.6,3.22,50.12
Sandwip,2003,33.9,13.8,63.33,0.4,3.23,50.08
Sandwip,2003,34,13.8,63.34,1.2,3.24,50.04
Sandwip,2003,33.7,13.8,63.35,0.85,3.25,50
Sandwip,2003,33.99,13.8,63.36,1.2,3.26,49.96
Sandwip,2003,33.7,13.8,63.37,2.1,3.27,49.92
Sandwip,2003,33.9,13.8,63.38,0.5,3.28,49.88
Sandwip,2003,34,13.8,63.39,1.1,3.29,49.84
Sandwip,2003,34,13.8,63.4,0.6,3.3,49.8
Sandwip,2003,33.8,13.8,63.41,0.71,3.31,49.76
Sandwip,2003,33.8,13.8,63.42,2.3,3.32,49.72
Sandwip,2003,33.9,13.8,63.43,0.9,3.33,49.68
Sandwip,2003,33.7,13.8,63.44,0.85,3.34,49.64
Sandwip,2003,33.8,13.8,63.45,2.19,3.35,49.6
Sandwip,2003,34,13.8,63.46,0.5,3.36,49.56
Sandwip,2003,34,13.8,63.47,1.5,3.37,49.52
Sandwip,2003,33.8,13.8,63.48,0.71,3.38,49.48
Sandwip,2003,34,13.8,63.49,0.7,3.39,49.44
Sandwip,2003,33.8,13.8,63.5,0.71,3.4,49.4
Sandwip,2003,33.7,13.8,63.51,0.85,3.41,49.36
Sandwip,2003,33.9,13.8,63.52,2.5,3.42,49.32
Sandwip,2003,34,13.8,63.53,2.2,3.43,49.28
Sandwip,2003,34,13.8,63.54,0.9,3.44,49.24
Sandwip,2003,33.9,13.8,63.55,0.5,3.45,49.2
Sandwip,2003,34,13.8,63.56,0.5,3.46,49.16
Sandwip,2003,34,13.8,63.57,0.9,3.47,49.12
Sandwip,2003,34,13.8,63.58,2.2,3.48,49.08
Sandwip,2003,34,13.8,63.59,1.4,3.49,49.04
Satkhira,2004,34.4,6.3,84,2.5,10,23
Satkhira,2004,34.5,6.3,84.01,1.4,10.01,22.96
Satkhira,2004,34.1,6.3,84.02,3.2,10.02,22.92
Satkhira,2004,34.4,6.3,84.03,2.3,10.03,22.88
Satkhira,2004,34.4,6.3,84.04,2.3,10.04,22.84
Satkhira,2004,34.1,6.3,84.05,2.8,10.05,22.8
Satkhira,2005,34.5,6.3,84.06,3.2,10.06,22.76
Satkhira,2004,34.2,6.3,84.07,3.2,10.07,22.72
Satkhira,2005,34.5,6.3,84.08,1.3,10.08,22.68
Satkhira,2004,34.4,6.3,84.09,2.2,10.09,22.64
Satkhira,2004,34.1,6.3,84.1,1.5,10.1,22.6
Satkhira,2004,34.2,6.3,84.11,1.3,10.11,22.56
Satkhira,2004,34.1,6.3,84.12,2.5,10.12,22.52
Satkhira,2004,34.4,6.3,84.13,2.3,10.13,22.48
Satkhira,2004,34.4,6.3,84.14,2.8,10.14,22.44
Satkhira,2004,34.2,6.3,84.15,2.6,10.15,22.4
Satkhira,2004,34.5,6.3,84.16,2.2,10.16,22.36
Satkhira,2004,34.1,6.3,84.17,2.2,10.17,22.32
Satkhira,2004,34.4,6.3,84.18,1.4,10.18,22.28
Satkhira,2004,34.4,6.3,84.19,1.5,10.19,22.24
Satkhira,2004,34.2,6.3,84.2,2.9,10.2,22.2
Satkhira,2004,34.5,6.3,84.21,1.7,10.21,22.16
Satkhira,2004,34.2,6.3,84.22,2.4,10.22,22.12
Satkhira,2004,34.4,6.3,84.23,2.5,10.23,22.08
Satkhira,2004,34.5,6.3,84.24,3.4,10.24,22.04
Satkhira,2004,34.3,6.3,84.25,2.3,10.25,22
Satkhira,2004,34.4,6.3,84.26,2.9,10.26,21.96
Satkhira,2004,34.1,6.3,84.27,2.7,10.27,21.92
Satkhira,2004,34.2,6.3,84.28,0.8,10.28,21.88
Satkhira,2004,34.2,6.3,84.29,2.8,10.29,21.84
Satkhira,2004,34.2,6.3,84.3,1.1,10.3,21.8
Satkhira,2004,34.1,6.3,84.31,2.2,10.31,21.76
Satkhira,2004,34.4,6.3,84.32,2.2,10.32,21.72
Satkhira,2004,34.4,6.3,84.33,2.3,10.33,21.68
Satkhira,2004,34.3,6.3,84.34,2.2,10.34,21.64
Satkhira,2004,34.4,6.3,84.35,4,10.35,21.6
Satkhira,2004,34.4,6.3,84.36,2.4,10.36,21.56
Satkhira,2004,34.2,6.3,84.37,2.2,10.37,21.52
Satkhira,2004,34.5,6.3,84.38,1,10.38,21.48
Satkhira,2004,34.4,6.3,84.39,0.1,10.39,21.44
Satkhira,2004,34.2,6.3,84.4,2.4,10.4,21.4
Satkhira,2004,34.2,6.3,84.41,1,10.41,21.36
Satkhira,2004,34.2,6.3,84.42,2.3,10.42,21.32
Satkhira,2004,34.2,6.3,84.43,1.8,10.43,21.28
Satkhira,2004,34.3,6.3,84.44,2.8,10.44,21.24
Satkhira,2004,34.4,6.3,84.45,2.4,10.45,21.2
Satkhira,2004,34.4,6.3,84.46,3.1,10.46,21.16
Satkhira,2004,34.3,6.3,84.47,2.3,10.47,21.12
Satkhira,2004,34.1,6.3,84.48,2.6,10.48,21.08
Satkhira,2004,34.1,6.3,84.49,0.1,10.49,21.04
Sitakunda,2006,34.8,12.5,64.5,1.4,4,47
Sitakunda,2006,34.9,12.5,64.51,0.2,4.01,46.96
Sitakunda,2006,34.6,12.5,64.52,0.2,4.02,46.92
Sitakunda,2006,34.6,12.5,64.53,0.8,4.03,46.88
Sitakunda,2006,34.9,12.5,64.54,1.36,4.04,46.84
Sitakunda,2006,34.6,12.5,64.55,1.6,4.05,46.8
Sitakunda,2006,34.6,12.5,64.56,0.7,4.06,46.76
Sitakunda,2006,34.9,12.5,64.57,1.36,4.07,46.72
Sitakunda,2006,34.6,12.5,64.58,3.4,4.08,46.68
Sitakunda,2006,34.6,12.5,64.59,2.3,4.09,46.64
Sitakunda,2006,34.6,12.5,64.6,0.8,4.1,46.6
Sitakunda,2006,34.6,12.5,64.61,0.4,4.11,46.56
Sitakunda,2006,34.6,12.5,64.62,1.3,4.12,46.52
Sitakunda,2006,34.6,12.5,64.63,1.36,4.13,46.48
Sitakunda,2006,34.8,12.5,64.64,0.6,4.14,46.44
Sitakunda,2006,34.6,12.5,64.65,1.36,4.15,46.4
Sitakunda,2006,34.6,12.5,64.66,1.1,4.16,46.36
Sitakunda,2006,34.9,12.5,64.67,1.36,4.17,46.32
Sitakunda,2006,34.6,12.5,64.68,1.1,4.18,46.28
Sitakunda,2006,34.6,12.5,64.69,0.86,4.19,46.24
Sitakunda,2006,34.6,12.5,64.7,1.36,4.2,46.2
Sitakunda,2006,34.9,12.5,64.71,1.14,4.21,46.16
Sitakunda,2006,34.6,12.5,64.72,0.86,4.22,46.12
Sitakunda,2006,34.6,12.5,64.73,0.2,4.23,46.08
Sitakunda,2006,34.8,12.5,64.74,0.5,4.24,46.04
Sitakunda,2006,34.8,12.5,64.75,1.5,4.25,46
Sitakunda,2006,34.6,12.5,64.76,0.86,4.26,45.96
Sitakunda,2006,34.6,12.5,64.77,0.5,4.27,45.92
Sitakunda,2006,34.6,12.5,64.78,1.7,4.28,45.88
Sitakunda,2006,34.9,12.5,64.79,1.14,4.29,45.84
Sitakunda,2006,34.6,12.5,64.8,1.14,4.3,45.8
Sitakunda,2006,34.8,12.5,64.81,0.3,4.31,45.76
Sitakunda,2006,34.6,12.5,64.82,1.5,4.32,45.72
Sitakunda,2006,34.9,12.5,64.83,1.14,4.33,45.68
Sitakunda,2006,34.9,12.5,64.84,1.36,4.34,45.64
Sitakunda,2006,34.9,12.5,64.85,1.14,4.35,45.6
Sitakunda,2006,34.9,12.5,64.86,1.1,4.36,45.56
Sitakunda,2006,34.6,12.5,64.87,0.4,4.37,45.52
Sitakunda,2006,34.6,12.5,64.88,1.14,4.38,45.48
Sitakunda,2006,34.9,12.5,64.89,0.7,4.39,45.44
Sitakunda,2006,34.6,12.5,64.9,0.5,4.4,45.4
Sitakunda,2006,34.6,12.5,64.91,1.14,4.41,45.36
Sitakunda,2006,34.8,12.5,64.92,0.7,4.42,45.32
Sitakunda,2006,34.6,12.5,64.93,1.2,4.43,45.28
Sitakunda,2006,34.8,12.5,64.94,0.2,4.44,45.24
Sitakunda,2006,34.9,12.5,64.95,0.3,4.45,45.2
Sitakunda,2006,34.6,12.5,64.96,0.3,4.46,45.16
Sitakunda,2006,34.8,12.5,64.97,0.4,4.47,45.12
Sitakunda,2006,34.6,12.5,64.98,1.14,4.48,45.08
Sitakunda,2006,34.6,12.5,64.99,1.14,4.49,45.04
Srimangal,2008,35.2,7.3,80,1.07,9,27
Srimangal,2007,35,7.3,80.01,0,9.01,26.96
Srimangal,2007,35,7.3,80.02,0.46,9.02,26.92
Srimangal,2007,35,7.3,80.03,0.46,9.03,26.88
Srimangal,2007,35,7.3,80.04,1.8,9.04,26.84
Srimangal,2007,35,7.3,80.05,1.5,9.05,26.8
Srimangal,2007,35,7.3,80.06,0.46,9.06,26.76
Srimangal,2007,35,7.3,80.07,3.3,9.07,26.72
Srimangal,2008,35.2,7.3,80.08,0.8,9.08,26.68
Srimangal,2007,35,7.3,80.09,2.1,9.09,26.64
Srimangal,2007,35,7.3,80.1,1.7,9.1,26.6
Srimangal,2007,35,7.3,80.11,2.3,9.11,26.56
Srimangal,2008,35.1,7.3,80.12,0.9,9.12,26.52
Srimangal,2007,35,7.3,80.13,2,9.13,26.48
Srimangal,2007,35,7.3,80.14,2.2,9.14,26.44
Srimangal,2007,35,7.3,80.15,0.6,9.15,26.4
Srimangal,2007,35,7.3,80.16,2.3,9.16,26.36
Srimangal,2008,35.1,7.3,80.17,0.8,9.17,26.32
Srimangal,2007,35,7.3,80.18,1.1,9.18,26.28
Srimangal,2007,35.1,7.3,80.19,0.46,9.19,26.24
Srimangal,2007,35,7.3,80.2,1.9,9.2,26.2
Srimangal,2007,35,7.3,80.21,0.3,9.21,26.16
Srimangal,2007,35,7.3,80.22,0.46,9.22,26.12
Srimangal,2008,35.2,7.3,80.23,1.5,9.23,26.08
Srimangal,2007,35,7.3,80.24,2.2,9.24,26.04
Srimangal,2007,35,7.3,80.25,2.5,9.25,26
Srimangal,2007,35,7.3,80.26,2.3,9.26,25.96
Srimangal,2007,35,7.3,80.27,2.1,9.27,25.92
Srimangal,2008,35.2,7.3,80.28,0.5,9.28,25.88
Srimangal,2008,35.2,7.3,80.29,1,9.29,25.84
Srimangal,2008,35.2,7.3,80.3,0.8,9.3,25.8
Srimangal,2007,35,7.3,80.31,1.4,9.31,25.76
Srimangal,2007,35,7.3,80.32,0.1,9.32,25.72
Srimangal,2007,35,7.3,80.33,1.4,9.33,25.68
Srimangal,2007,35,7.3,80.34,0.46,9.34,25.64
Srimangal,2007,35,7.3,80.35,1.5,9.35,25.6
Srimangal,2007,35,7.3,80.36,1,9.36,25.56
Srimangal,2008,35.2,7.3,80.37,0.3,9.37,25.52
Srimangal,2007,35,7.3,80.38,3.5,9.38,25.48
Srimangal,2007,35,7.3,80.39,0.46,9.39,25.44
Srimangal,2007,35,7.3,80.4,0.8,9.4,25.4
Srimangal,2007,35,7.3,80.41,0.46,9.41,25.36
Srimangal,2008,35.2,7.3,80.42,1.3,9.42,25.32
Srimangal,2007,35,7.3,80.43,2.9,9.43,25.28
Srimangal,2007,35.1,7.3,80.44,1.4,9.44,25.24
Srimangal,2008,35.2,7.3,80.45,0.2,9.45,25.2
Srimangal,2007,35,7.3,80.46,1.6,9.46,25.16
Srimangal,2008,35.1,7.3,80.47,1,9.47,25.12
Srimangal,2008,35.1,7.3,80.48,0.6,9.48,25.08
Srimangal,2008,35.2,7.3,80.49,0.7,9.49,25.04
Syedpur,2009,35.4,10.1,68,1.1,6,39
Syedpur,2009,35.5,10.1,68.01,0.6,6.01,38.96
Syedpur,2009,35.5,10.1,68.02,0.4,6.02,38.92
Syedpur,2009,35.7,10.1,68.03,0.39,6.03,38.88
Syedpur,2009,35.3,10.1,68.04,0.5,6.04,38.84
Syedpur,2009,35.4,10.1,68.05,0.1,6.05,38.8
Syedpur,2009,35.4,10.1,68.06,1.1,6.06,38.76
Syedpur,2009,35.6,10.1,68.07,0,6.07,38.72
Syedpur,2009,35.6,10.1,68.08,0.61,6.08,38.68
Syedpur,2009,35.7,10.1,68.09,0.8,6.09,38.64
Syedpur,2009,35.5,10.1,68.1,0.39,6.1,38.6
Syedpur,2009,35.3,10.1,68.11,0.39,6.11,38.56
Syedpur,2009,35.5,10.1,68.12,0.6,6.12,38.52
Syedpur,2009,35.6,10.1,68.13,0,6.13,38.48
Syedpur,2009,35.7,10.1,68.14,0.39,6.14,38.44
Syedpur,2009,35.4,10.1,68.15,2,6.15,38.4
Syedpur,2009,35.6,10.1,68.16,0.31,6.16,38.36
Syedpur,2009,35.3,10.1,68.17,0.31,6.17,38.32
Syedpur,2009,35.5,10.1,68.18,0.3,6.18,38.28
Syedpur,2009,35.3,10.1,68.19,0.2,6.19,38.24
Syedpur,2009,35.4,10.1,68.2,0.5,6.2,38.2
Syedpur,2009,35.4,10.1,68.21,0.8,6.21,38.16
Syedpur,2009,35.5,10.1,68.22,0.4,6.22,38.12
Syedpur,2009,35.4,10.1,68.23,0.8,6.23,38.08
Syedpur,2009,35.5,10.1,68.24,0.2,6.24,38.04
Syedpur,2009,35.6,10.1,68.25,0.1,6.25,38
Syedpur,2009,35.7,10.1,68.26,0,6.26,37.96
Syedpur,2009,35.3,10.1,68.27,0,6.27,37.92
Syedpur,2009,35.5,10.1,68.28,0.5,6.28,37.88
Syedpur,2009,35.6,10.1,68.29,0.31,6.29,37.84
Syedpur,2009,35.7,10.1,68.3,0.31,6.3,37.8
Syedpur,2009,35.3,10.1,68.31,0,6.31,37.76
Syedpur,2009,35.3,10.1,68.32,0.3,6.32,37.72
Syedpur,2009,35.5,10.1,68.33,0,6.33,37.68
Syedpur,2009,35.6,10.1,68.34,0.1,6.34,37.64
Syedpur,2009,35.7,10.1,68.35,0.39,6.35,37.6
Syedpur,2009,35.5,10.1,68.36,0.61,6.36,37.56
Syedpur,2009,35.6,10.1,68.37,0.8,6.37,37.52
Syedpur,2009,35.4,10.1,68.38,0.3,6.38,37.48
Syedpur,2009,35.5,10.1,68.39,0.48,6.39,37.44
Syedpur,2009,35.6,10.1,68.4,0.31,6.4,37.4
Syedpur,2009,35.6,10.1,68.41,0.8,6.41,37.36
Syedpur,2009,35.6,10.1,68.42,0.1,6.42,37.32
Syedpur,2009,35.5,10.1,68.43,0.48,6.43,37.28
Syedpur,2009,35.3,10.1,68.44,0.2,6.44,37.24
Syedpur,2009,35.5,10.1,68.45,0.8,6.45,37.2
Syedpur,2009,35.5,10.1,68.46,0.4,6.46,37.16
Syedpur,2009,35.6,10.1,68.47,0.31,6.47,37.12
Syedpur,2009,35.5,10.1,68.48,0.48,6.48,37.08
Syedpur,2009,35.6,10.1,68.49,0.8,6.49,37.04
Sylhet,2011,35.8,7.7,77,2,8.5,29
Sylhet,2011,36,7.7,77.01,1.4,8.51,28.96
Sylhet,2011,36.1,7.7,77.02,0.7,8.52,28.92
Sylhet,2011,36.2,7.7,77.03,1.3,8.53,28.88
Sylhet,2011,36,7.7,77.04,2,8.54,28.84
Sylhet,2011,36.2,7.7,77.05,1.48,8.55,28.8
Sylhet,2011,36.2,7.7,77.06,0.7,8.56,28.76
Sylhet,2011,36.4,7.7,77.07,1.2,8.57,28.72
Sylhet,2011,36.5,7.7,77.08,1.91,8.58,28.68
Sylhet,2011,36.2,7.7,77.09,1.1,8.59,28.64
Sylhet,2011,36.5,7.7,77.1,1.4,8.6,28.6
Sylhet,2011,36.1,7.7,77.11,0.7,8.61,28.56
Sylhet,2011,36,7.7,77.12,1.91,8.62,28.52
Sylhet,2011,36.4,7.7,77.13,1.7,8.63,28.48
Sylhet,2011,35.9,7.7,77.14,1.7,8.64,28.44
Sylhet,2011,36.2,7.7,77.15,1.5,8.65,28.4
Sylhet,2011,36.3,7.7,77.16,2.36,8.66,28.36
Sylhet,2011,36.2,7.7,77.17,0.5,8.67,28.32
Sylhet,2011,36,7.7,77.18,2.1,8.68,28.28
Sylhet,2011,36,7.7,77.19,2,8.69,28.24
Sylhet,2011,36,7.7,77.2,2.6,8.7,28.2
Sylhet,2011,35.8,7.7,77.21,2,8.71,28.16
Sylhet,2011,35.8,7.7,77.22,2.3,8.72,28.12
Sylhet,2011,35.9,7.7,77.23,2.6,8.73,28.08
Sylhet,2011,36.2,7.7,77.24,1.4,8.74,28.04
Sylhet,2011,36.2,7.7,77.25,3.1,8.75,28
Sylhet,2011,36.3,7.7,77.26,1.6,8.76,27.96
Sylhet,2011,36.2,7.7,77.27,0.9,8.77,27.92
Sylhet,2011,35.8,7.7,77.28,1.5,8.78,27.88
Sylhet,2011,36.4,7.7,77.29,1.3,8.79,27.84
Sylhet,2011,36.5,7.7,77.3,2,8.8,27.8
Sylhet,2011,36,7.7,77.31,2,8.81,27.76
Sylhet,2011,36,7.7,77.32,2.4,8.82,27.72
Sylhet,2011,36.4,7.7,77.33,1.3,8.83,27.68
Sylhet,2011,35.9,7.7,77.34,1.7,8.84,27.64
Sylhet,2011,36,7.7,77.35,4.1,8.85,27.6
Sylhet,2011,36.1,7.7,77.36,0.8,8.86,27.56
Sylhet,2011,36.3,7.7,77.37,1.48,8.87,27.52
Sylhet,2011,35.8,7.7,77.38,1.2,8.88,27.48
Sylhet,2011,36.4,7.7,77.39,0.9,8.89,27.44
Sylhet,2011,35.8,7.7,77.4,0.6,8.9,27.4
Sylhet,2011,36.1,7.7,77.41,1.5,8.91,27.36
Sylhet,2011,36.2,7.7,77.42,1.5,8.92,27.32
Sylhet,2011,36.3,7.7,77.43,2.36,8.93,27.28
Sylhet,2011,36.4,7.7,77.44,3.2,8.94,27.24
Sylhet,2011,36.4,7.7,77.45,3.3,8.95,27.2
Sylhet,2011,35.8,7.7,77.46,1.8,8.96,27.16
Sylhet,2011,36.2,7.7,77.47,1.9,8.97,27.12
Sylhet,2011,36.2,7.7,77.48,1.91,8.98,27.08
Sylhet,2011,36,7.7,77.49,1.3,8.99,27.04
Tangail,2012,36.7,14.2,62,0.7,2.5,53
Tangail,2012,36.9,14.2,62.01,1.9,2.51,52.96
Tangail,2012,36.7,14.2,62.02,1.3,2.52,52.92
Tangail,2012,36.7,14.2,62.03,0.7,2.53,52.88
Tangail,2012,37.2,14.2,62.04,1,2.54,52.84
Tangail,2012,37,14.2,62.05,0.8,2.55,52.8
Tangail,2012,36.6,14.2,62.06,0.8,2.56,52.76
Tangail,2012,37.2,14.2,62.07,1.5,2.57,52.72
Tangail,2012,37,14.2,62.08,2.9,2.58,52.68
Tangail,2012,37,14.2,62.09,2,2.59,52.64
Tangail,2012,36.6,14.2,62.1,2.4,2.6,52.6
Tangail,2012,37.3,14.2,62.11,0.7,2.61,52.56
Tangail,2012,37,14.2,62.12,1.4,2.62,52.52
Tangail,2012,36.7,14.2,62.13,0.7,2.63,52.48
Tangail,2012,37,14.2,62.14,2.6,2.64,52.44
Tangail,2012,37,14.2,62.15,0.9,2.65,52.4
Tangail,2012,37,14.2,62.16,2.5,2.66,52.36
Tangail,2012,36.6,14.2,62.17,1,2.67,52.32
Tangail,2012,37,14.2,62.18,0.8,2.68,52.28
Tangail,2012,37.2,14.2,62.19,0.4,2.69,52.24
Tangail,2012,36.6,14.2,62.2,2.3,2.7,52.2
Tangail,2012,37,14.2,62.21,0.5,2.71,52.16
Tangail,2012,37.3,14.2,62.22,0.8,2.72,52.12
Tangail,2012,36.9,14.2,62.23,1.2,2.73,52.08
Tangail,2012,37,14.2,62.24,1,2.74,52.04
Tangail,2012,36.8,14.2,62.25,0.9,2.75,52
Tangail,2012,37,14.2,62.26,2.7,2.76,51.96
Tangail,2012,37.4,14.2,62.27,1,2.77,51.92
Tangail,2012,37.3,14.2,62.28,0.8,2.78,51.88
Tangail,2012,36.6,14.2,62.29,1.3,2.79,51.84
Tangail,2012,37,14.2,62.3,1.2,2.8,51.8
Tangail,2012,37.4,14.2,62.31,0.8,2.81,51.76
Tangail,2012,37.2,14.2,62.32,2.4,2.82,51.72
Tangail,2012,36.6,14.2,62.33,2.7,2.83,51.68
Tangail,2012,37.18,14.2,62.34,0.9,2.84,51.64
Tangail,2012,37.18,14.2,62.35,2.2,2.85,51.6
Tangail,2012,36.8,14.2,62.36,1.7,2.86,51.56
Tangail,2012,37.3,14.2,62.37,1.1,2.87,51.52
Tangail,2012,37.4,14.2,62.38,3,2.88,51.48
Tangail,2012,37.2,14.2,62.39,2.2,2.89,51.44
Tangail,2012,37,14.2,62.4,1,2.9,51.4
Tangail,2012,36.7,14.2,62.41,1.5,2.91,51.36
Tangail,2012,36.8,14.2,62.42,0.9,2.92,51.32
Tangail,2012,37.4,14.2,62.43,0.6,2.93,51.28
Tangail,2012,37.3,14.2,62.44,2.6,2.94,51.24
Tangail,2012,36.9,14.2,62.45,0.3,2.95,51.2
Tangail,2012,37.2,14.2,62.46,2.2,2.96,51.16
Tangail,2012,37,14.2,62.47,1.6,2.97,51.12
Tangail,2012,36.6,14.2,62.48,2.5,2.98,51.08
Tangail,2012,37.2,14.2,62.49,1.3,2.99,51.04
Teknaf,2013,37.8,15.3,60,3.7,2,55
Teknaf,2013,37.7,15.3,60.01,1.9,2.01,54.96
Teknaf,2013,38.3,15.3,60.02,0.5,2.02,54.92
Teknaf,2013,37.7,15.3,60.03,1.3,2.03,54.88
Teknaf,2013,37.5,15.3,60.04,1.6,2.04,54.84
Teknaf,2013,37.6,15.3,60.05,3.6,2.05,54.8
Teknaf,2013,39,15.3,60.06,4.5,2.06,54.76
Teknaf,2013,37.8,15.3,60.07,0.3,2.07,54.72
Teknaf,2013,39.6,15.3,60.08,1.4,2.08,54.68
Teknaf,2013,38.4,15.3,60.09,1.6,2.09,54.64
Teknaf,2013,37.5,15.3,60.1,1.9,2.1,54.6
Teknaf,2013,37.5,15.3,60.11,3.7,2.11,54.56
Teknaf,2013,40.5,15.3,60.12,1.5,2.12,54.52
Teknaf,2013,38.4,15.3,60.13,2.1,2.13,54.48
Teknaf,2013,37.5,15.3,60.14,1,2.14,54.44
Teknaf,2013,37.5,15.3,60.15,2.9,2.15,54.4
Teknaf,2013,41.9,15.3,60.16,1.2,2.16,54.36
Teknaf,2013,37.5,15.3,60.17,2.2,2.17,54.32
Teknaf,2013,37.6,15.3,60.18,1.1,2.18,54.28
Teknaf,2013,38.5,15.3,60.19,1.8,2.19,54.24
Teknaf,2013,39.5,15.3,60.2,1.8,2.2,54.2
Teknaf,2013,37.7,15.3,60.21,1.3,2.21,54.16
Teknaf,2013,40.2,15.3,60.22,2.4,2.22,54.12
Teknaf,2013,37.5,15.3,60.23,1.7,2.23,54.08
Teknaf,2013,37.6,15.3,60.24,1.6,2.24,54.04
Teknaf,2013,40,15.3,60.25,0.9,2.25,54
Teknaf,2013,38.4,15.3,60.26,0.9,2.26,53.96
Teknaf,2013,38,15.3,60.27,0.7,2.27,53.92
Teknaf,2013,38.8,15.3,60.28,0.7,2.28,53.88
Teknaf,2013,40.5,15.3,60.29,1.1,2.29,53.84
Teknaf,2013,38.8,15.3,60.3,0.7,2.3,53.8
Teknaf,2013,39,15.3,60.31,0.5,2.31,53.76
Teknaf,2013,39.8,15.3,60.32,0.9,2.32,53.72
Teknaf,2013,38.4,15.3,60.33,1,2.33,53.68
Teknaf,2013,38.5,15.3,60.34,1.4,2.34,53.64
Teknaf,2013,39.4,15.3,60.35,1.7,2.35,53.6
Teknaf,2013,38.2,15.3,60.36,1.6,2.36,53.56
Teknaf,2013,40.3,15.3,60.37,1.7,2.37,53.52
Teknaf,2013,37.6,15.3,60.38,2.1,2.38,53.48
Teknaf,2013,37.6,15.3,60.39,4.1,2.39,53.44
Teknaf,2013,37.6,15.3,60.4,1.6,2.4,53.4
Teknaf,2013,38.5,15.3,60.41,3.4,2.41,53.36
Teknaf,2013,39,15.3,60.42,1.1,2.42,53.32
Teknaf,2013,37.7,15.3,60.43,0.8,2.43,53.28
Teknaf,2013,39.2,15.3,60.44,0.8,2.44,53.24
Teknaf,2013,39,15.3,60.45,0.5,2.45,53.2
Teknaf,2013,38,15.3,60.46,0.9,2.46,53.16
Teknaf,2013,37.6,15.3,60.47,0.8,2.47,53.12
Teknaf,2013,39.3,15.3,60.48,2.1,2.48,53.08
Teknaf,2013,38.6,15.3,60.49,1.3,2.49,53.04
